{"count":1,"self":18.7799856,"total":42.804552199999996,"children":{"InitializeActuators":{"count":1,"self":0.0018001,"total":0.0018001,"children":null},"InitializeSensors":{"count":1,"self":0.0036011,"total":0.0036011,"children":null},"AgentSendState":{"count":1858,"self":20.511860799999997,"total":23.9595712,"children":{"CollectObservations":{"count":1858,"self":0.0386376,"total":0.0386376,"children":null},"WriteActionMask":{"count":1858,"self":0.009357299999999999,"total":0.009357299999999999,"children":null},"RequestDecision":{"count":1858,"self":0.019779599999999998,"total":3.3997159999999997,"children":{"CameraSensor.GetCompressedObservation":{"count":1858,"self":3.3799364,"total":3.3799364,"children":null}}}}},"DecideAction":{"count":1858,"self":0.035234299999999996,"total":0.035234299999999996,"children":null},"AgentAct":{"count":1858,"self":0.018062099999999998,"total":0.018062099999999998,"children":null},"CameraSensor.GetCompressedObservation":{"count":4,"self":0.0057632,"total":0.0057632,"children":null}},"gauges":{"My Behavior.CumulativeReward":{"count":4,"max":-3.95504141,"min":-14.0035324,"runningAverage":-6.912346,"value":-4.092441,"weightedAverage":-6.095739}},"metadata":{"timer_format_version":"0.1.0","start_time_seconds":"1774819769","unity_version":"6000.4.0f1","command_line_arguments":"C:\\Program Files\\Unity\\Hub\\Editor\\6000.4.0f1\\Editor\\Unity.exe -projectPath C:\\Users\\sprak\\MousePredatorSim","communication_protocol_version":"1.5.0","com.unity.ml-agents_version":"4.0.2","scene_name":"SampleScene","end_time_seconds":"1774819812"}}